"purchase_date","Chemists.Drgustores","Clothing","DIY Goods","Eletrical Goods","Food.Consumables","Furniture.Carpets","Garden Products","Household.Textiles","Music, Films.Books","Services","Sports Equipments","Total Sales"
2016-10-03,NA,86.41,NA,NA,NA,225.73,NA,154.57,NA,NA,92.82,559.53
2016-10-04,2335.61,NA,228.42,3171.7,NA,2066.18,196.27,2367.67,NA,NA,798.17,11229.52
2016-10-05,777.91,105.49,NA,1846.78,NA,1266.06,NA,2306.33,NA,738.37,818.12,7859.06
2016-10-06,1769.45,1540.45,251.76,284.99,NA,372.54,156.22,1900.93,NA,501.38,206.49,6984.21
2016-10-07,1489.63,NA,765,534.44,NA,876.55,611.56,2062.29,147.08,185.77,160.44,6832.76
2016-10-08,2418.33,1484.41,NA,1216.33,NA,2852.17,82.08,604.01,NA,207.22,91.38,8986.35
2016-10-09,359.54,105.19,NA,51.05,NA,1245.12,419.06,1237.45,NA,NA,135.85,3553.26
2016-10-10,599.93,121.54,NA,274.01,96.23,1655.91,NA,732.21,35.95,193.46,187.49,3896.73
2016-12-23,NA,19.62,NA,NA,NA,NA,NA,NA,NA,NA,NA,19.62
2017-01-05,NA,176.58,NA,NA,NA,148.76,91.92,252.77,37.24,NA,NA,707.27
2017-01-06,666.71,NA,NA,146.29,NA,NA,NA,175.28,NA,NA,NA,988.28
2017-01-07,389.43,164.21,846.52,NA,NA,47.83,NA,NA,NA,NA,NA,1447.99
2017-01-08,NA,141.37,NA,25.1,NA,NA,256.79,84.59,NA,NA,NA,507.85
2017-01-09,130.75,NA,367.65,NA,NA,108.12,NA,16.62,NA,NA,151.37,774.51
2017-01-10,NA,719.76,191.4,NA,NA,82.19,425.07,152.75,NA,NA,NA,1571.17
2017-01-11,NA,144.07,NA,26.64,NA,28.46,1262.16,407.8,NA,NA,229.65,2098.78
2017-01-12,NA,58.74,NA,492.99,NA,1051.05,NA,505.07,NA,NA,NA,2107.85
2017-01-13,202.71,305.44,NA,NA,NA,188.71,1263.19,603.19,NA,NA,149.62,2712.86
2017-01-14,NA,NA,NA,250.31,NA,627.16,NA,NA,NA,NA,283.61,1161.08
2017-01-15,374.28,104.65,54.95,50.02,NA,1525.63,848.76,240.69,NA,NA,199.36,3398.34
2017-01-16,779.66,245.02,665.7,383.54,NA,509.58,NA,1140.16,NA,NA,42.52,3766.18
2017-01-17,583.7,591.4,82.58,247.75,NA,803.11,175.85,890.33,NA,NA,488.85,4057.57
2017-01-18,676.98,204.49,NA,387.8,NA,412.16,50.59,1804.38,NA,88.23,187.05,3811.68
2017-01-19,161.71,NA,NA,188.18,NA,2392.34,NA,1526.64,NA,87.83,744.38,5101.08
2017-01-20,602.47,124.74,1538.92,559.95,NA,781.36,121.84,1059.77,NA,NA,247.37,5407.1
2017-01-21,44.95,159.11,26.76,362.13,NA,1506.73,NA,1204.72,NA,NA,169.95,3474.35
2017-01-22,1164.69,102.15,NA,844.45,NA,801.88,413.28,682.33,NA,NA,133.09,4141.87
2017-01-23,1335.01,517.29,160.77,758.21,NA,431.38,1282.01,1489.38,NA,61.42,1333.05,7368.52
2017-01-24,1038.37,124.43,186.49,269.28,NA,317.42,248.68,3851.79,NA,239.9,588.42,6864.78
2017-01-25,2057.75,355.15,1184.29,448.74,NA,918.67,237.48,2226.55,NA,NA,792.78,8632.05
2017-01-26,2450.21,1788.74,790.05,1539.16,NA,2024.98,646.53,2599.49,NA,209.06,3730.67,15793.75
2017-01-27,968.21,1369.69,398.44,3183.65,33.32,2245.59,56.6,3304.89,501.88,NA,417.22,13019.28
2017-01-28,1225.7,NA,1075.89,567.84,NA,687.58,40.79,1755.88,NA,NA,280.5,5736.98
2017-01-29,1168,896.8,NA,372.8,45.5,808.79,128,2897.37,NA,NA,326.3,6751.56
2017-01-30,1812.29,69,356.99,3266.79,NA,1331.27,898.8,3672.66,NA,43,386.98,11837.78
2017-01-31,1701.07,3821.93,426.67,947.56,NA,2310.26,NA,1820.03,223.01,91.74,717.62,12117.85
2017-02-01,1695.49,606.53,1489.06,760.28,167.1,1718.3,207.07,1437.18,65.46,79.04,635.92,8986.96
2017-02-02,1605.02,1046.7,1535.96,2251.39,NA,1421.8,315.48,1231.5,44.01,NA,789.84,10342.54
2017-02-03,2072.23,667.05,209.49,1484.29,NA,2148.88,NA,2392.66,1317.36,NA,677.25,11203.89
2017-02-04,4103.98,617.55,398.9,663.46,NA,2276.23,505.15,1983.79,NA,NA,648.87,15449.26
2017-02-05,1927.75,512.92,136.04,459.32,NA,3865.8,321.46,2296.4,305.08,36.51,1258.21,11510.27
2017-02-06,2062.5,384.72,1591.48,1234.51,NA,994.03,59.35,2964.3,36.94,40.51,1031.12,11227.87
2017-02-07,983.51,2681.59,564.93,2572.06,40.16,2409.2,1048.68,3856.97,127.58,51.99,2064.16,16930.42
2017-02-08,1724.28,1834.22,250.04,492.57,181.98,2764.57,491.68,4067.92,258.61,86.26,999.13,13517.96
2017-02-09,1102.43,266.71,776.95,630.13,NA,2822.83,273.21,4162.3,123.25,NA,432.33,10804.13
2017-02-10,1316.84,1697.81,572.25,5104.57,NA,1603.82,1270.42,3377.08,NA,95.72,484.82,15587.65
2017-02-11,280.54,415.14,NA,475.01,NA,2092.75,NA,1588.02,NA,50.7,588.21,5642.84
2017-02-12,1441.78,513.67,638.1,514.23,NA,583.03,537.88,11195.71,293.2,113.87,177.17,16389.82
2017-02-13,2142.32,326.26,254.36,493.96,NA,3124.49,71.92,4685.77,92.62,38.04,1949,13324.23
2017-02-14,1448.39,294.72,678.4,2172.52,NA,2093.11,810.52,4226.3,128.31,88.23,988.75,12967.18
2017-02-15,1584.32,499.04,328.01,264.44,NA,1697.61,1353.09,1731.32,242.61,NA,268.86,7969.3
2017-02-16,486.92,251.28,238.27,811.87,365.29,1264.99,389.46,1983.73,166,504.68,710.71,7198.94
2017-02-17,75.01,516.84,227.45,1623.57,54.11,2913.85,1367.77,4078.06,NA,NA,93.22,11046.23
2017-02-18,755.52,216.51,1470.66,1219.95,NA,408.77,1097.74,3536.29,NA,124.83,232.91,9244.12
2017-02-19,357,431.34,92.77,1376.94,NA,718.99,NA,1421.95,NA,54.01,96.72,4549.72
2017-02-20,1355.31,155.05,640.16,1645.35,NA,1305.92,1449,1523.99,NA,91.79,481.86,8772.26
2017-02-21,686,59.42,NA,4400.88,NA,351.84,161.13,2065.27,NA,240.32,1187.64,9152.5
2017-02-22,1750.6,464.43,700.05,498.42,29.84,1310.36,1289.38,1012.09,274.99,88.23,459.66,7924
2017-02-23,707.68,172.77,198.48,1199.01,NA,2167.8,437.7,2994.94,NA,NA,182.43,8264.89
2017-02-24,2005.38,358.94,402.22,1624.59,NA,738.34,222.8,1796.31,61.71,91.92,584.91,7887.12
2017-02-25,346.13,274.97,384.3,414.4,36.77,1741.2,147.36,890.88,NA,NA,526.42,4886.87
2017-02-26,323.37,635.07,NA,710.38,NA,1200.73,50.86,1723.37,311.01,134.94,617.47,6101.02
2017-02-27,145.72,2082.78,87.22,574.04,NA,1254.41,484.2,1196.09,NA,396.9,473.02,6727.34
2017-02-28,554.18,1037.32,1641.88,561.86,NA,1881.99,NA,5087.75,125.44,NA,614.13,11999.21
2017-03-01,1273.33,352.53,2103.87,1466.28,187.52,2189.09,294.12,4923.7,NA,219,3462.52,16560.97
2017-03-02,929.39,481.22,680.43,1616.09,177.38,1399.42,1526.35,2335.77,136.26,NA,3168.88,12722.91
2017-03-03,909.3,448.94,1403.11,3366.57,NA,1055.14,1907.11,3894.59,412.83,248.31,260.91,14113.35
2017-03-04,979.44,2211.75,486.59,917.56,NA,1943.67,NA,3059.59,513.51,142.12,645.5,10899.73
2017-03-05,1141.47,900.71,147.05,345.67,NA,1573.53,238.65,1981.67,81.64,226.75,1232.21,8399.08
2017-03-06,1556.92,584.26,612.03,739.7,NA,2628.62,456.85,2956.44,563.24,274.44,171.58,11190.59
2017-03-07,1757.66,1130.43,622.88,2356.03,35.04,1265.09,250.07,5281.41,113.21,344.27,271.59,13427.68
2017-03-08,1133.83,616.98,1488.28,5432.59,375.82,1033.4,414.62,3325.36,566.98,78.52,412.04,16181.89
2017-03-09,1578.29,528.01,1164.07,984.74,34.42,2998.43,758.02,4332.27,217.59,353.12,1071.57,14058.85
2017-03-10,2788.02,1180.12,425.34,2218.77,NA,2615.4,1442.83,2344.37,382.77,NA,641.61,14342.72
2017-03-11,1003.25,1178.4,135.59,2964.92,NA,620.66,323.91,5732.57,20.95,NA,1208.49,13372.94
2017-03-12,1100.23,634.43,616.97,810.03,249.06,830.12,63.56,2221.44,295.01,NA,377.77,7777.25
2017-03-13,3305.83,2004.67,920.39,1320.3,NA,2417.75,3363.05,4219.49,263.02,63.51,848.86,18726.87
2017-03-14,3073.53,610.68,1476.35,1187.26,132.34,1977.9,87.76,6635.98,874.95,NA,378.44,16879.46
2017-03-15,1916.25,2442.05,1255.79,2192.07,315.78,1439.25,1693.11,4243.77,55.96,NA,1430,17015.93
2017-03-16,3454.85,2685.09,420.23,2234.33,569.81,3333.28,373.91,4706.06,270.36,90.05,1223.72,19361.69
2017-03-17,1883.39,1623.69,1082.57,915.83,NA,3005.87,2093.53,3026.79,363.64,74.17,736.31,14805.79
2017-03-18,366.58,5586.56,372.69,2351.01,188.85,620.09,653.32,5483.53,NA,NA,1936.61,17593.33
2017-03-19,1970.86,830.02,406.57,453.86,376.76,1376.55,526.39,1736.12,NA,NA,NA,7728.08
2017-03-20,5109.18,1671.7,1567.81,4005.7,NA,2181.29,443.51,3030.92,NA,121.08,1488.33,19918.02
2017-03-21,1218.8,1382.9,675.26,2039.67,230.92,1090.72,128.88,3746.71,208.44,NA,2325.97,13292.84
2017-03-22,2686.53,2921.41,933.36,1958.51,NA,1602.13,346.6,4984.71,120.44,NA,621.92,16611.14
2017-03-23,2500.05,782.21,1233.06,4442.27,61.1,1158.66,2705.1,5945.72,NA,NA,696.19,19730.56
2017-03-24,772.02,803.5,837.32,1525.52,NA,2477.82,1005.03,4330.22,NA,206.44,258.82,12331.16
2017-03-25,1443.33,1461.92,432.33,2103.6,NA,2353.71,248.89,3764.97,NA,NA,531.26,12340.01
2017-03-26,108.81,710.43,226.79,1021.33,32.86,1462.02,478.99,2481.21,32.68,NA,810.53,7576.65
2017-03-27,1196.79,890.08,1274.48,6840.98,NA,1857.17,256.82,4536.11,607.13,91.23,1720.19,19374.66
2017-03-28,942.36,3142.98,829.93,1597.8,340.26,958.23,594.35,4191.36,799.78,NA,857.59,14821.66
2017-03-29,794.54,1202.86,75.1,1054.09,NA,2274.89,781.35,2854.74,NA,NA,625.82,9938.55
2017-03-30,367.68,228.7,869.42,2584.34,NA,1603.11,1163.36,2354.88,99.6,NA,786.38,11172.34
2017-03-31,3080.19,2983.91,NA,978.49,250.07,541.65,2426.12,3131.1,126.42,30.86,589.15,14137.96
2017-04-01,2139.78,1877.34,2327.14,840.85,NA,855.55,91.94,10002.62,NA,NA,337.08,18862.37
2017-04-02,1242.06,948.94,118.88,661.59,71.03,1455.03,266.29,6234.22,350.51,NA,446.21,11926.85
2017-04-03,1264.04,329.61,138.94,708.01,NA,1499,430.48,3358.14,NA,2151.69,515.99,11155.37
2017-04-04,1622.86,955.43,1171.79,2727.81,30.95,1521.69,478.55,4570.29,103.55,NA,948.7,14988.58
2017-04-05,2240.72,2797.47,1479.8,3970.03,NA,717.75,1141.77,4768.89,1435.58,160.74,1396.96,20154.67
2017-04-06,2675.08,1689.4,814.92,1947.96,39.51,1123.85,3486.11,7698.71,86.92,41.52,339.49,21230.61
2017-04-07,2141.36,1795.17,230.32,3292.76,NA,1455.64,1325.01,2358.06,572.9,133.59,1307.38,14869.81
2017-04-08,1019.9,2534.63,836.1,330.45,218.84,1144.7,485.8,1930.53,293.12,46.86,604.51,10167.38
2017-04-09,1326.91,1383.48,308.48,874.34,63.25,717.06,1225.74,1205,119.44,100.02,2579.41,9903.13
2017-04-10,1725.69,2126.46,1611.32,2042.92,NA,707.86,335.26,3578.98,202.28,NA,745.65,13315.36
2017-04-11,1106.12,936.7,1180.29,729.08,NA,569.61,693.08,2464.87,363.85,43.51,902.32,8989.43
2017-04-12,1480.5,652.86,1472.39,585.82,24.86,1239.73,109.94,2820.78,15.86,NA,700.24,9137.49
2017-04-13,2415.53,2294.35,1007.99,350.15,112.27,2091.3,293.58,2332.52,39.95,45.04,405.12,11387.8
2017-04-14,1141.94,940.63,1292.88,523.87,NA,764.81,500.37,1948.25,NA,NA,800.69,8179.76
2017-04-15,857.73,219.38,221.14,1400.58,NA,1328.49,1332.92,2829.54,429.19,NA,161.35,9722.08
2017-04-16,711.66,617.69,115.9,497.52,129.68,600.65,701.24,2175.49,NA,NA,914.52,6464.35
2017-04-17,1805.8,1265.55,558.36,1026.62,NA,925.41,628.21,2024.48,191.9,NA,251.89,8822.88
2017-04-18,1286.34,703.47,990.54,1523.94,NA,2166.51,649.93,15372.89,251.13,280.03,697.04,23921.82
2017-04-19,1330.82,1516.12,718.26,1818.98,26.28,1798.32,172.82,4643.03,1154.85,43.51,786.79,14009.78
2017-04-20,1320.93,1116.2,1842.4,1503.34,NA,1929.91,1251.21,4013.47,65.14,NA,1239.27,15108.41
2017-04-21,466.59,444.65,500.67,1639.53,NA,3058,274.98,2611.88,813.3,NA,567.1,10425.65
2017-04-22,2268.26,1442.16,607.27,1599.95,NA,2087.12,770.13,3834.11,140.97,NA,2542.68,15774.24
2017-04-23,2727.51,1008.72,917.24,2488.11,NA,695.93,45.86,2699.98,260.45,120.71,695.15,11659.66
2017-04-24,2056.22,1587.01,1078.13,1301.77,NA,3425.8,397.81,4466.04,267.95,NA,1278.56,16305.84
2017-04-25,778.05,1698.75,623.2,2770.31,NA,2451.45,1123.2,4113.04,114.53,314.48,1087.09,16620.91
2017-04-26,2510.76,955.93,992.44,1539.72,NA,2584.11,826.1,7880.29,301.55,202.62,1422.02,19679.53
2017-04-27,810.34,731.46,1751.62,1264.69,55.92,272.69,771.37,4107.72,93.31,565.56,909.62,11475.53
2017-04-28,1204.38,2973.75,333.97,3150.07,NA,2053.32,244.15,5124.56,447.33,NA,2136.41,17918.45
2017-04-29,2105.68,2646.32,373.23,1227.68,NA,1776.31,748.64,4862.24,39.42,412.79,765.64,15086.59
2017-04-30,1683.34,748.43,594.13,759,NA,1495.18,992.45,2467.02,NA,NA,1047.1,9786.65
2017-05-01,1885.32,1038.8,1171.02,1735.24,NA,2042.4,438.73,4521.93,407.21,NA,1090.3,15196.46
2017-05-02,2370.01,2656.87,1782.27,1933.89,NA,1169.89,1829.87,5299.89,833.94,83.69,1844.56,20474.69
2017-05-03,1636.34,350.83,936.37,1366.25,187.91,1253.37,444.13,4307.05,40.55,281.56,826,12124.87
2017-05-04,2451.24,1026.41,2656.01,2389.71,NA,995.39,1536.56,3282.88,NA,NA,1768.44,16459.31
2017-05-05,2363.37,935.64,887.67,1451.77,31.52,1952.92,591.67,4794.4,546.99,118.86,2858.6,16892.51
2017-05-06,3655.66,2029.97,976.79,563.14,NA,1740.42,1467.39,4433.64,46.82,67.77,1722.54,17209.56
2017-05-07,777.98,2364.91,870.97,2236.75,NA,2782.29,3108.05,3233.27,2043.06,467.81,1102.05,19041.24
2017-05-08,1882.95,1529.89,1830.21,2738.03,NA,3858.37,1325.17,4381.92,37.53,657.61,627.48,19740.84
2017-05-09,1626.18,1758.12,1327.58,6887.73,24.84,2213.21,725.24,5408.55,46.01,40.1,965.67,23817.73
2017-05-10,1973.43,2768.62,1527.44,6734.8,NA,640.89,2433.51,5547.17,215.36,NA,1479.31,23463.59
2017-05-11,6478.82,2136.55,1046.87,4366.96,65.33,2185.51,454.38,4044.58,306.84,NA,1618.35,22830.48
2017-05-12,1969.87,1017.19,1018.98,2438.09,NA,2065.66,255.85,4600.7,246.22,36.77,836.34,14639.35
2017-05-13,1132.98,127.44,528.24,2405.98,NA,1914.72,409.16,2827.68,NA,NA,736.85,10194.94
2017-05-14,2700.67,2838.72,1025.05,2302.47,NA,948.29,1080.77,4208.22,591.93,566.51,961.69,17572.5
2017-05-15,2198.4,2148.93,1200.43,2084.95,174.17,5168.95,646.63,5372.11,475.12,23.85,1861.37,21528.42
2017-05-16,1581.96,4995.08,2074.02,2856.7,132.17,2184,544.33,5931.14,145.43,559.69,4744.03,26168.39
2017-05-17,1942.7,2474.35,982.6,3217.66,NA,2174.02,815.07,6936.17,2729.71,NA,1311.77,22584.05
2017-05-18,2998.97,5655.6,2854.26,2506.7,109.42,1554.82,884.76,4379.86,NA,146.3,1802.06,22941.84
2017-05-19,3259.7,2451.33,2073.11,4396,NA,3283.57,672.5,6025.05,28.01,NA,946.51,23597.06
2017-05-20,1259.21,2690.76,1006.67,1148.54,NA,873.27,220.54,2485.93,492.47,957.15,1331.38,12603.16
2017-05-21,3460.71,2839.25,2023.31,1222.4,109.8,1400.72,289.95,6802.21,345.84,250.43,1470.62,20572.32
2017-05-22,6064.79,716.48,2034.18,4005.86,34.66,2433.02,2182.35,5625.7,915,497.54,3408.15,28546.14
2017-05-23,3270.81,2797.31,1169.4,2269.2,NA,1571.64,509.56,5977.59,1925.81,NA,1024.76,21015.37
2017-05-24,1522.19,4637.56,9763.8,3132.05,46.44,1719.46,736.1,4670.39,586.79,NA,1270.06,28382.2
2017-05-25,557.22,4322.12,1352.47,5163.27,NA,2432.92,693.67,3944.21,31.95,143.12,1344.36,20363.01
2017-05-26,1728.63,436.14,235.28,538.82,NA,1407.81,154.5,6861.57,NA,NA,1392.09,12946.18
2017-05-27,3313.08,3507.81,977.14,706.34,345.14,1684.35,181.29,5116,45.01,NA,507.67,16495.11
2017-05-28,805.09,1443.46,431.59,2125.58,NA,1147.65,380.29,5096.56,235.94,81.21,601.57,12348.94
2017-05-29,1566.84,2071.75,1386.62,1699.73,33.68,2512.83,437.86,8801.86,1152.51,190.76,896.47,21726.34
2017-05-30,1523.62,1316.84,861.52,2609.95,NA,1863.23,85.37,8015.68,160.21,NA,127.1,16980.56
2017-05-31,6905.97,2789.91,1421.83,4257.93,NA,1163.62,354.21,4544.66,470.14,953.05,367.12,23273.54
2017-06-01,2823.18,5825.71,2210.57,4065.07,NA,791.34,966.43,3807.82,NA,204.25,413.37,22425.63
2017-06-02,1844.47,3451.79,4630.99,2709.7,NA,1614.62,511.51,3681.4,441.85,NA,1897.88,21134.85
2017-06-03,2511.76,1089.37,2115.25,1202.99,NA,609.2,758.55,3863.69,84.6,75.08,503.36,12899.33
2017-06-04,1785.05,1462.94,873.46,770.47,NA,869.08,472.33,5797.39,35.69,154.79,2967.61,15701.85
2017-06-05,2779.18,1472.01,3750.35,5457.11,NA,1673.84,778.44,8895.48,112.28,NA,1531.18,26449.87
2017-06-06,1723.61,1832.52,1955.2,1114.92,27.68,1771.71,584.95,6572.97,169.48,NA,1144.25,17483.48
2017-06-07,2191.49,1162.54,936.21,1771.88,NA,945.78,651.11,5615.67,996.29,101.77,1867.92,16306.85
2017-06-08,8540.21,1778.98,505.74,5843.87,NA,726.78,1189.82,5834.96,325.87,153.98,1567.76,26467.97
2017-06-09,2395.7,2398.71,1265.99,3489.52,NA,2114.15,2156.33,1982.16,538.65,NA,3030.85,19523.04
2017-06-10,1045.91,1301.89,95.53,1148.41,NA,818.85,449.76,3580.27,443.33,262.02,582.64,9871.46
2017-06-11,1667.87,4093.41,1456.37,1724.2,124.3,1285.65,569.06,4919.91,496.41,39.68,955.17,17430.37
2017-06-12,1793.98,2247.11,1461.22,3935.14,NA,550.8,626.2,7597.94,279.7,NA,250.52,18755.5
2017-06-13,3255.75,1746.48,2038.33,1730.03,NA,1261.39,398.96,3358.44,391.7,104.91,2019.47,16449.16
2017-06-14,987.26,2821.75,1314.58,5107.59,NA,1684.54,1725.71,10853.03,245.46,NA,2386.65,27173.41
2017-06-15,1367.47,1108.48,788.93,1566.18,NA,511.44,687.01,6541.09,2315.53,NA,761.56,16628.68
2017-06-16,1832.17,1686.26,1405.99,1773.89,171.79,451.64,802.94,5759.79,258.4,127.92,473.34,15106.78
2017-06-17,2401.1,1404.28,335.87,1172.19,NA,306.62,261.04,5326.03,NA,NA,1651.67,12949.77
2017-06-18,1205.58,1393.56,554.72,664.85,NA,1228.21,344.54,11307.91,245.37,NA,876.31,17869.67
2017-06-19,4297.97,1615.31,1134.64,3924.12,NA,2042.36,464.91,10464.64,1279.96,NA,1042.66,26266.57
2017-06-20,2859.91,1222.76,1220.66,1381.71,NA,9779.28,169.83,3590.35,569.15,NA,682.4,21476.05
2017-06-21,278.03,352.88,1416.97,759.55,NA,18.19,552.73,3159.64,440.06,NA,181.77,7199.7
2017-06-22,541.2,1337.56,873.13,1481.59,NA,1088.65,553.71,3312.43,212.19,231.38,611.29,10243.13
2017-06-23,2687.02,1068.76,1141.24,2092.58,NA,1416.19,479.33,4531.71,318.52,170.36,1559.33,15566.73
2017-06-24,540.31,723.03,984.95,346.99,NA,1871.66,NA,3570.28,NA,NA,1665.56,9834
2017-06-25,2486.7,2576.72,3718.02,1441.76,NA,2463.11,35,4459.85,188.84,NA,2441.04,19956.83
2017-06-26,1609.71,469.84,1454,5335.61,NA,840.34,1911.13,2442.09,NA,1422.05,664.32,16299.83
2017-06-27,2638.17,1469.85,1181.27,3644.75,NA,1049.28,181.18,8932.27,447.42,118.76,826.64,20489.59
2017-06-28,1634.19,1670.26,956.43,1696.06,NA,2897.92,306.91,4981.61,1120.21,NA,1598.88,17078.35
2017-06-29,1817.07,526.38,1380.39,725.31,NA,1331.52,657.53,5797.65,367.95,276.08,2022.1,14932.6
2017-06-30,3373.7,1241.46,2351.05,466.91,NA,1260.08,327.19,4449.1,67.3,NA,1511.19,15189.21
2017-07-01,1207.05,2313.87,1651.75,572.59,NA,2739.55,182.28,5119.4,134.94,NA,1449.98,15432.5
2017-07-02,2356.99,585.21,1657.8,1217.88,NA,1796.7,147.67,5866.89,NA,NA,832.26,14522.54
2017-07-03,1440.33,612.2,3061.44,1001.5,57.61,3960.02,482.28,6220.46,40.1,391.73,1736.52,19004.19
2017-07-04,1516.66,1838.72,328.14,2355.97,112.69,1171.82,906.4,8003.91,269.06,276.96,1172.38,17997.6
2017-07-05,2245.11,4263.71,3484.32,1156.51,215.6,3609.32,805.33,8393.85,354.49,NA,988.45,25613.39
2017-07-06,1211.02,2013.15,2420.15,7568.19,NA,1119.65,1413.79,6955.23,90.17,NA,3052.96,25882.03
2017-07-07,1079.6,2086.63,1267.17,2362.49,29.24,1998.96,77.57,5000.42,1070.19,131.31,848.04,16136.94
2017-07-08,2317.78,871.14,1425.52,1116.64,NA,1284.65,NA,4551.62,NA,NA,644.27,12677.16
2017-07-09,825.19,1163.25,478.67,781.4,NA,2642.35,571.6,2804.05,NA,NA,880.93,10291.64
2017-07-10,1314.84,2110.56,2742.2,2785.28,NA,1900.43,929.07,6169.8,562.61,196.01,2157.22,20914.86
2017-07-11,1197.61,2489.93,1936.24,2671.46,171.92,2646.52,1093.31,8952.86,346.5,373.9,1961.02,24323.29
2017-07-12,2134.62,1795.97,1239.71,3000.41,NA,1659.67,152.11,8572.36,1075.78,NA,3033.81,22867.81
2017-07-13,1435.02,1906.31,1247.23,1700.12,172.59,3998.14,175.88,7356.35,286.61,NA,950.86,19468.89
2017-07-14,1842.27,3159.68,2232.56,2682.63,128.04,1945.08,306.25,5904.43,1589.27,1315.6,1245.57,22426.06
2017-07-15,419.54,2106.86,1066.23,808.93,NA,1660.09,1959.77,6002.94,266.92,184.7,545.88,15021.86
2017-07-16,2650.69,2330.28,1269.4,1264.47,NA,1315.89,NA,5048.16,192.37,140.06,2260.55,16542.3
2017-07-17,2487.04,1667.72,1280.93,3548.72,294.06,3192.9,2105.43,11456.65,868.64,NA,1450.53,28729.87
2017-07-18,3098.26,1796.58,1600.09,6093.21,137.3,2630.86,3387.45,11481.44,297.83,35.31,2420.46,33284.88
2017-07-19,1912.19,1567.2,860.18,2721.93,NA,2182.02,2405.52,6468.86,NA,NA,1494.5,19612.4
2017-07-20,2068.25,1622.28,717.89,2266.62,50.2,3764.12,1864.61,9135.46,NA,391.73,740.27,22802.08
2017-07-21,1439.31,2539.84,1060.03,799.2,45.19,1103.02,1835.88,8491.41,NA,187.82,860.16,18361.86
2017-07-22,1491.36,1188.25,996.64,5221.55,119.6,893.57,1107.71,4755.01,167.32,NA,314.52,16305.41
2017-07-23,947.52,1238.29,2211.18,2612.21,NA,1329.59,73.34,3979.56,63.01,79.68,942.77,13816.68
2017-07-24,2135.45,1352.05,1347.36,2921.75,320.65,2500.3,451.21,7984.27,247.76,127.99,2918.57,22355.37
2017-07-25,774.05,1869.23,1188.49,6753.85,161.22,1596.02,705.75,7782.72,276.83,NA,2232.51,23395.67
2017-07-26,1270.12,741.93,202.38,1913.56,NA,2276.26,484.1,6456.65,1115.14,NA,842.81,15405.95
2017-07-27,2983.65,3171.83,998.1,2726.15,NA,1811.61,528.59,5660.15,568.64,21.75,1308.07,19972.14
2017-07-28,6093.25,2336.02,1396.21,957.2,NA,4359.22,667.76,5682.48,323.2,NA,2020.39,23955.8
2017-07-29,1895.7,2510.29,899.42,2561.15,NA,2576.54,NA,5963.48,579.2,51.05,521,17866.44
2017-07-30,908.38,1448.51,1264.07,2020.9,NA,3587.2,301.82,4989.27,NA,NA,1626.47,16173.06
2017-07-31,1070.96,2275.16,891.4,3574.27,155.18,1824.11,609.84,6843.97,1679.51,125.15,2237.98,21330.63
2017-08-01,4764.18,2032.93,2708.83,2043.54,38.27,1787.88,702.12,9250.65,130.56,602.59,2462.32,26523.87
2017-08-02,3041.88,1197.18,1318.2,3600.21,24.35,1638.56,597.71,8834.66,760.06,NA,970.64,22207.71
2017-08-03,2731.77,1648.41,1611.76,2936.31,NA,2433.65,1265.91,8319.68,44,NA,1333.42,22486.88
2017-08-04,805.17,4305.62,857.63,3291.5,NA,2968.01,244.55,7764.54,213.65,225.17,1374.31,22050.15
2017-08-05,798.21,3169.03,869.8,1309.73,223.08,2232.45,388.78,3704.19,NA,76.99,1718.61,14855.39
2017-08-06,927.96,2746.78,1762.26,1158.11,171.79,2070.84,379.39,2978.4,1048.3,NA,2005.05,15485.76
2017-08-07,3694.02,2864.2,2389.85,2696.11,NA,3657.76,2947.04,5482.17,520.38,147.06,3731.32,28204.23
2017-08-08,1644.89,2759.6,1278.74,3062.6,51.27,2724.21,204.99,7203.12,258.62,334.63,2060.32,21702.45
2017-08-09,996.12,2287.46,2358.51,1925.01,60.19,2775.41,915.66,9903.72,227.93,NA,1799.8,23298.08
2017-08-10,3061.89,2569.46,1727.62,2623.49,NA,1074.41,1116.92,8403.2,213.17,NA,3205.37,24096.36
2017-08-11,1147.82,326.1,3367.76,3884.05,NA,2475.33,680.8,8692.95,390.77,314.48,1554.5,23198.31
2017-08-12,4577.12,1632.18,3178.24,1473.31,213.06,2003.9,484.23,3838.26,130.56,76.99,692.7,18300.55
2017-08-13,2276.3,1090.39,1516.9,3865.47,NA,606.3,293.98,4740.4,130.98,NA,313.28,15127
2017-08-14,3569.79,2314.62,1116,1489.63,54.1,2586.02,854.29,7918.15,NA,NA,2486.1,22576.56
2017-08-15,3324.57,2063.39,1402.99,2776.49,126.92,4098.45,1391,9477.65,459.32,296.83,2429.59,28221.73
2017-08-16,2170.63,2282.1,1123.96,4198.9,175.15,2060.86,1137.52,9604.63,2124.07,163.35,2110.99,27332.36
2017-08-17,1403.05,989.53,2057.03,3395.48,NA,2524.99,476.06,8151.51,462.06,40.77,2114.85,21916.51
2017-08-18,3318.34,1282.58,1374.36,2364.67,NA,1133.57,3693.24,5363.65,217.88,70.58,1091.02,19931.51
2017-08-19,1672.3,1896.16,951.28,1741.51,NA,3117.45,2282.14,4173.68,NA,778.27,929.36,17715.02
2017-08-20,4347.12,1699.96,1163.44,1376.18,35,1857.8,262.28,4786.46,199.69,NA,498.28,16308.23
2017-08-21,2292.14,4024.32,1527.63,4497.58,NA,2843.08,1852.8,8080.78,938.1,194.66,1264.73,27857.27
2017-08-22,3667.74,2109.84,2633.5,1948.78,NA,2498.05,513.63,6114.99,140.8,296.51,2083.03,22664.14
2017-08-23,1218.11,1615.44,750.85,4356.35,160.92,2357.35,852.01,5397.79,208.48,221.06,2021.31,19504.11
2017-08-24,2961.06,1139.7,987.98,1929.45,77.67,1994.08,366.3,5728.12,193.82,112.46,1581.8,17210.92
2017-08-25,2296.14,1794.5,1135.69,1696.9,NA,1479.13,250.24,7743.1,849.97,88.52,686.79,18161.28
2017-08-26,706.71,1010.06,482.4,1109.15,302.58,1761.1,1215.83,5209.39,197.65,NA,430.97,12618.77
2017-08-27,1674.37,1870.06,2182.77,2086.69,28.17,1683.89,981.89,3559.66,60.22,NA,2151.21,16511.15
2017-08-28,1831.57,1563.05,1477.57,6196.76,160.46,4443,1772.75,7060.41,334.52,NA,1559.16,26484.98
2017-08-29,2110.67,3049.72,1210.22,20009.15,140.29,2711.68,324.41,6160.7,47.11,NA,1459.23,37423.55
2017-08-30,2842.35,1415.94,1762.17,12110.14,41.81,2022.71,1722.22,8989.87,1558.89,224.6,1402.72,34722.28
2017-08-31,2101.82,3834.85,477.12,4353.59,NA,2467.2,614.92,7324.51,1456.62,63.14,1246.07,24121.84
2017-09-01,1868.37,4184.63,1356.52,11830.09,NA,3472.2,975.42,5529.45,1612.66,392.57,2944.05,34349.73
2017-09-02,1825.05,480.49,1161.49,7236.91,NA,772.45,1054.63,6190.33,1082.87,NA,997.37,20901.84
2017-09-03,1254.09,7124.42,3321.36,5428.99,NA,4170.67,824.78,9807.44,263.69,NA,1079.77,34058.62
2017-09-04,4314.69,4237.18,929.72,9052.89,NA,2166.21,770.46,6301.38,104.37,47.09,1636.15,29864.95
2017-09-05,2846.48,1558.59,1233.61,4348.69,NA,2502.26,819.58,8871.17,NA,418.04,3486.88,26750.21
2017-09-06,1996.44,1461.25,724.49,10968.55,NA,1764.84,637.08,6755.02,70.02,NA,3815.15,28453.27
2017-09-07,2099.73,1031.98,1952.52,5622.15,NA,2238.57,797.67,3562.67,1237.08,NA,606.73,19448.3
2017-09-08,1727.92,1042.35,1741.9,1837.27,118.23,2082.02,1043.29,4315.8,164.06,NA,1237.04,15359.72
2017-09-09,3563.2,1841.99,857.08,2099.46,54.6,2218.14,220.02,6318.48,43.72,NA,903.33,18381.95
2017-09-10,2269.27,3323.76,2629.55,2742.27,47.52,1922.7,1631.11,3829.59,342.67,83.9,2140.41,21013.25
2017-09-11,5506.25,2205.47,907.37,2416.47,142.13,3697.02,680.51,9446.74,1015.6,200.94,2387.43,28918.13
2017-09-12,3171.54,3771.24,2035.48,7667.19,61.52,3030.03,1916.97,8080.1,495.13,NA,1688.8,31918
2017-09-13,2908.58,4247.53,4144.08,2634.92,100.98,1725.64,2560.83,10207.19,325.46,906.5,2408.23,32822.01
2017-09-14,3423.93,2327.53,2054.71,4840.71,NA,2366.51,733.65,10406.41,256.79,NA,2133.51,28924.43
2017-09-15,1840.49,1699.99,279.81,3323.97,24.1,1486.53,2838.23,7793.21,267.69,242.97,1490.57,21739.49
2017-09-16,2625.4,3681.98,1122.94,1197.02,102.36,1985.2,267.4,9347.44,250.95,NA,2134.03,23216.31
2017-09-17,2716.12,5093.44,1968.17,3545.94,200.24,1646.25,150.91,6535.32,144.41,281.65,1259.2,23748.52
2017-09-18,3762.18,1778.85,2123.58,5267.94,73.13,3513.32,683.21,10773.06,424.76,NA,4661.55,33258.24
2017-09-19,1113.37,2482.78,3267.84,4691.6,210.36,2537.17,1604.3,5124.57,283.44,NA,2153.61,23718.68
2017-09-20,2213.97,1470.99,2517.96,1322.51,376.81,2773.08,878.74,10015.38,603.2,92.95,3173.45,26190.4
2017-09-21,3357.48,2996.88,1221.01,1191.23,73.13,2523.77,766.47,8884.38,NA,NA,3309,24323.35
2017-09-22,1569.6,3584.06,1077.3,1750.41,73.13,2701.41,1550.1,5256.2,NA,131.56,1525.99,19219.76
2017-09-23,1514.5,756.49,913.21,802.24,179.8,960.07,NA,3881.58,NA,1004.77,1457.86,11530.58
2017-09-24,2606.76,3174.82,739.51,1408.47,NA,1673.79,384.85,4680.14,45.53,241.19,954.14,16089.3
2017-09-25,3190.77,1970.71,2076.88,3796,73.16,1035,999.99,7139.27,544.9,NA,1601.21,22427.89
2017-09-26,2579.93,2675.6,1378.44,3374.84,NA,2271.84,1390.65,8467.84,533.44,NA,2538.25,25291.68
2017-09-27,2338.8,1759.5,958.73,5965.96,73.13,1950.3,1570.34,7572.48,86.78,NA,2040.48,24770.9
2017-09-28,4177.28,2800.04,3232.74,3675.25,NA,1657.71,199.23,7834.27,1820.05,125.51,1633.05,27218.04
2017-09-29,971.59,1876.65,2291.42,16368.84,NA,940.51,483.63,7329.2,137.18,203.38,908.95,31544.79
2017-09-30,1348.64,1113.66,491.51,2852.42,73.13,884.44,941.91,3884.29,1075.4,NA,1700.35,14365.75
2017-10-01,1590.31,2254.83,759.42,2243.09,244.92,1652.7,3215.34,8523.32,301.78,131.56,1316.09,22233.36
2017-10-02,2368.54,2090,2622.52,3796.91,160.83,5467.23,1283.09,6549.92,152.9,128.31,2551.86,27172.11
2017-10-03,3276.28,4184.84,966.49,4682.84,NA,2817.36,1623.37,10791.67,150.74,NA,2089.52,30784.49
2017-10-04,1669.92,2298.98,2750.8,3966.19,125.51,2263.28,3199.58,5703.48,27.68,131.56,2076.8,25119.97
2017-10-05,2119.41,2124.08,782.78,9989.7,NA,2581.94,724.93,9381.83,132.53,120.71,3565.69,34004.93
2017-10-06,1912.46,1959.89,3347.24,1392.22,275.48,996.82,1224.11,5322.68,65.69,1787.72,2102.14,20964.16
2017-10-07,1410.96,1450.45,1161.44,4947.92,177.69,1869.23,1129.35,4805.74,106.85,NA,528.45,18028.65
2017-10-08,1927.08,3911.12,1624.82,1493.3,146.29,919.75,1414.63,5425.91,61.88,133.25,2749.15,20039.13
2017-10-09,3227.45,2337.76,3094.36,4331.66,69.64,3458.68,1537,9811.33,912.37,NA,2386.34,34018.49
2017-10-10,2757.27,5837.68,2041.98,8356.06,219.68,1628.02,632.57,6829.64,238.45,37.1,3099.68,33196.78
2017-10-11,1717.61,3252.28,1502.24,5760.85,NA,1743.05,578.77,6880.89,31.01,586.01,1475.26,23748.95
2017-10-12,1764.6,4495.98,2207.5,1380.27,NA,3683.94,1222.18,6681.83,334.22,NA,827.29,23174.93
2017-10-13,1934.48,3385.43,3780.36,5244.9,NA,3132.12,715.56,6574.4,146.67,578.9,1765,27523.24
2017-10-14,1077.55,1575.37,3353.73,2801.88,44.85,2249.82,76.67,4043.91,NA,48.09,1175.55,17079.9
2017-10-15,1767.26,1772.35,1664.93,6602.87,NA,1145.11,490.98,6240.88,160.06,NA,1841.93,22115.77
2017-10-16,3715.34,6131.34,3414.59,6756.72,233.64,2567.08,953.75,8818.66,588.62,205.3,2234.8,35619.84
2017-10-17,3655.18,4503.65,3126.93,6782.86,476.21,4156.41,811.7,14949.76,323.64,992.36,2008.54,41828.6
2017-10-18,2593.83,5312.14,1425.28,4743.84,169.33,2573.57,354.98,10661.17,982.24,NA,3360.43,34567.99
2017-10-19,2740.24,5950.28,2061.08,2848.45,NA,3549.43,990.62,7498.88,82.85,NA,2455.81,28458.07
2017-10-20,2599.33,2819.97,2015.39,1920.01,478.78,2095,505.18,6709.25,1708.48,NA,1361.57,22623.15
2017-10-21,2920.3,2639.01,1890.18,2293.46,245.47,2307.69,1403.06,2993.45,280.82,NA,1002.56,17976
2017-10-22,2771.78,2426.67,632.5,4271.51,241.62,2602.13,720.54,6852.12,653.05,NA,2088.09,23260.01
2017-10-23,2071.98,2805.04,1700.58,4347.56,NA,3532.99,453.98,6554.36,524.44,61.93,2623.71,26703.8
2017-10-24,2348.18,3234.82,2500.99,7047.39,416.03,1051.17,933.11,7149.22,61.11,36.65,1665.18,26819.54
2017-10-25,1925.98,2002.49,3382.96,1915.26,563.95,2249.02,1167.45,5748.68,207.74,132.57,2049.13,21345.23
2017-10-26,2612.57,2668.27,2516.23,2984.3,NA,3159.05,1401.35,7371.53,102.73,45.78,1413.17,26960.83
2017-10-27,1292.59,3010.16,2761.01,6933.41,63.46,2023.2,1104.77,5423.97,312.98,764,714.98,24404.53
2017-10-28,2156.85,1539.87,522.59,2532.51,NA,3364.12,717.64,2897.06,2207.5,2467.33,695.41,19100.88
2017-10-29,2573.69,3708.27,1282.21,3066.37,NA,2126.34,3380.6,5933.91,327.9,NA,1389.02,23788.31
2017-10-30,807.4,1955.59,3184.76,5978.27,237.58,2715.37,1066.94,5916.41,61.01,105.3,1785.88,23973.31
2017-10-31,1534.38,1618.12,965.22,10611.07,NA,3444.22,1173.95,5546.06,537.29,NA,2191.21,27621.52
2017-11-01,2196.6,5503.11,1424.11,5567.8,NA,673.63,1553.46,3198.79,355.38,99.95,1995.92,22568.75
2017-11-02,1486.17,3525.09,2322.39,5287.39,235.31,2516.89,461.58,7585.1,NA,491.45,2603.59,26514.96
2017-11-03,3371.87,2658.6,1840.74,3921.16,235.31,3239.77,1368.2,6111.28,2254.65,NA,2292.17,27637.99
2017-11-04,1801.49,2240.55,2584.24,2043.81,237.47,3642.86,1612.04,7563.95,363.73,NA,1475.5,23681.97
2017-11-05,1376.81,2071.78,3187.87,1534.69,372.01,2282.04,1088.86,8400.26,NA,NA,1411.88,21726.2
2017-11-06,1618.45,4786.03,3090.06,5552.47,38.91,4535.39,1104.24,7815.75,89.28,442.75,1456.03,33096.57
2017-11-07,3265.68,6720.87,1715.63,1518.61,128.95,2086.68,2255.18,6998.38,130.15,NA,1585.8,26405.93
2017-11-08,1576.38,3017.15,2242.29,3866.93,NA,2377.3,529.97,8458.48,44.73,84.59,680.8,23046.12
2017-11-09,2667.94,3517.98,1072.79,5470.88,188.31,1951.19,1258.42,10073.05,1225.17,473.28,1810.65,29774.53
2017-11-10,4086.78,2645.62,1411.27,2515.85,46.27,3784.67,1579.7,3740.37,132.05,414.68,2599.4,23134.28
2017-11-11,1782.35,3293.97,3021.07,1701.16,NA,2496.91,2264.38,8436.93,193.81,1023.37,1798.52,27183.32
2017-11-12,1324.08,5432.06,2785.37,6060.15,73.13,2056.59,862.16,5052.71,287.8,1117.03,3565.13,28938.14
2017-11-13,2912.33,5276.47,2397.73,3157.4,228.45,3882.85,1205.81,8802.77,244.86,37.84,1398.97,30151.45
2017-11-14,3541.06,2740.24,1170.19,3922.73,422.72,3924.53,993.01,10254.79,206.99,1303.21,989.54,31528.39
2017-11-15,2838.27,4506.43,2970.97,2641.68,81.54,3309.57,1855.56,6805.73,1299.93,NA,1794.23,28103.91
2017-11-16,2507.24,3592.72,1543.32,2595.68,109.3,2150.55,6762.64,11034.51,561.03,45,3087.71,35130.4
2017-11-17,2584.37,4847.55,3897.35,4452.57,170.92,4430.02,569.24,11713.46,578.88,842.96,1863.31,36662.99
2017-11-18,3945.28,2380.1,3117.5,3374.29,496.48,2741.91,1061.93,8848.05,372.79,469.74,1512.23,28352.31
2017-11-19,3367.89,1722.86,2707.84,2782.82,55.6,2125.84,1027.78,8101.09,579.72,NA,1612.9,24553.41
2017-11-20,6577.75,4893.74,6823.76,8489.9,NA,4956.09,580.73,13174.38,1843.27,3184.55,1916.95,52739.48
2017-11-21,4893.06,5870.15,2535.97,6504.36,53.59,11776.03,1773.19,12308.13,175.57,NA,2203.8,48644.4
2017-11-22,3066.95,3532.13,1931.28,4119.87,210,3159.7,2085.7,10433.53,162.38,420.28,918.51,30552.17
2017-11-23,6882.94,6808.38,4692.69,6990.16,185.27,5032.95,1896.82,12494.27,2827.66,874.4,2269.28,51577.19
2017-11-24,22740.22,23571.88,8587.15,25621.63,456.59,21414.96,9195.66,60398.75,3492.86,6716.14,10118.3,193145.3
2017-11-25,9223.39,5389.03,3092.07,11106.49,103.65,8367.73,5579.24,23764.82,3859.47,NA,6159.22,77247.16
2017-11-26,5475.79,3570.97,2551.68,8425.08,143.06,4667.6,4300.47,22341.44,581.3,392.1,2309.06,55815.27
2017-11-27,6083.09,4171.52,3701.97,13343.32,34.09,7537.85,3082.05,20006.69,892.03,253.95,2567,62108.67
2017-11-28,6307.08,3110.38,3532.22,7722,408.51,9478.03,2480.6,17866.41,2237.56,425.24,5690.73,59654.57
2017-11-29,6861.77,5791.09,1400.04,4792.51,518.54,6657.98,2665.64,17837.32,856.11,166.78,1798.74,49944.94
2017-11-30,3002.42,4262.84,1853.41,3597.08,467.63,3362.7,925.32,14805.66,683.53,51.71,3216.36,36630.36
2017-12-01,5747.96,6115.98,2863.8,6115.27,675.6,4301.79,827.86,13436.3,211.15,452.81,7929.43,49013.47
2017-12-02,4335.84,6946.01,2598.45,2271.22,123.75,3400.25,768.32,14562.94,288.22,NA,1605.5,36900.5
2017-12-03,3737.55,4582.26,2780.08,2805.77,201.53,2493.51,437.49,13832.08,2311.38,NA,2574.3,36234.75
2017-12-04,7174.82,6379.64,1940.88,6720.03,718.3,3782.37,2289.54,20024.1,345.1,487.47,2528.73,53657.45
2017-12-05,5165.81,5004.98,5287.78,4273.54,214.65,4458.61,1267.11,15755.94,223.03,NA,4052.2,46510.48
2017-12-06,6157.53,3668.69,5888.25,4848.34,212.95,2634.38,2961.93,15732.03,170.39,522.41,2619.77,46750.54
2017-12-07,3613.98,1771.76,1639.02,4425.72,237.56,2223.97,2460.12,12314.73,553.62,780.05,3893.21,34748.22
2017-12-08,5069.77,2296.27,3724.02,3274.76,69.43,2663.26,1324.34,10448.65,660.49,301.76,4179.1,34921.14
2017-12-09,2019.5,1638.18,3827.8,2767.25,NA,919.06,694.06,7864.4,949.62,68,2662.15,24040.48
2017-12-10,2187.17,5477.87,1681.93,2686.11,31.75,2211.74,1821.61,9422.42,344.2,374.13,2511.37,29290.91
2017-12-11,5164.8,4219.89,2884.76,4573.7,524.51,2258.24,566.37,14635.7,759.18,NA,4311.92,40419.32
2017-12-12,4332.63,4456.17,2673.28,4302.69,281.44,3930.9,537.27,14758.12,1105.75,277.68,3174.71,40238.47
2017-12-13,5451.88,5246.54,2305.24,3326.08,NA,2079.19,3001.79,9659.16,126.85,97.17,2493.23,34447.73
2017-12-14,3101.56,1405.68,1894.31,3231.96,61.43,1639.9,1100.45,12106.93,1937.87,57.68,3333.16,30074.2
2017-12-15,5110.88,3959.93,1797.12,6570.48,223.35,1116.88,538.38,8824.68,358.94,282.01,2327.61,31249.64
2017-12-16,2766.59,4642.46,1569.94,4609.07,188.38,798.83,488.77,5838.62,466.16,108.73,1550.17,23721.11
2017-12-17,4616.75,2480,1225.39,1983.72,67.61,2017.84,2506.43,5404.56,511.58,NA,1547.96,22682.64
2017-12-18,3186.26,4312.31,903.86,3243.65,65.43,3690.53,652.16,13715.61,689.53,516.35,2805.69,33997.53
2017-12-19,2174.67,3528.73,1699.75,1450.77,94.19,1950.27,1124.48,8269.9,868.13,31.75,2598.16,24104.04
2017-12-20,4463.81,1767.12,1379.45,6143.36,65.43,1023.88,1367.03,8597.29,1705.36,864.72,3887.11,31880.86
2017-12-21,1622.18,1822.77,928.07,4349.26,121.6,2930.34,1002.96,7736.35,102.86,102.24,661.68,21884.1
2017-12-22,970.14,2298.11,87.06,2090.87,206.73,445.61,1055.86,6433.53,120.27,2352.48,774.25,16884.31
2017-12-23,920.27,730.45,745.27,3040.64,37.34,686.18,573.53,5941.62,829.37,NA,878.92,14765.17
2017-12-24,977.73,723.87,974.79,765.44,73.65,629.92,225.71,1934.83,178.27,NA,227.66,6711.87
2017-12-25,639.3,1074.5,194.48,896.98,352.25,1911.75,910.17,5239.44,93.87,NA,746.64,12059.38
2017-12-26,2208.42,2139.59,4067.59,4800.12,54.18,2217.12,478.99,6324.05,1043.79,97.17,1317.8,25792.1
2017-12-27,1934.72,2740.63,1983.69,2158.03,138.19,1232.87,1413.98,7620.82,219.39,135.49,1062.16,22525.68
2017-12-28,1523.51,2089.14,1037.25,2470.93,71.64,381.44,1074.04,6127.76,481.39,798.86,1019.28,17836.88
2017-12-29,2326.39,4263.88,2109.5,1953.24,131.43,1057.76,1743.69,4614.09,42.27,267.4,1614.46,20666.26
2017-12-30,885.98,1296.43,1024.11,1007.94,70.23,1641.3,1377.02,3862.39,1160.88,719.15,2184.03,15831.78
2017-12-31,1711.55,1979.93,674.89,1146.97,131.37,1048.78,63.33,2158.01,236.17,NA,305.41,10034.26
2018-01-01,1032.72,1713.3,1128.68,1406.8,130.03,493.4,424.54,2375.47,124.69,NA,424.53,9589.34
2018-01-02,3329.83,1486.27,2851.15,5230.57,461.02,1359.73,661.99,10710.24,719.72,169.93,2284.53,30797.77
2018-01-03,2883.72,2581.61,2061.37,7211.21,125.08,3932.52,972.46,14577,1088.8,311.36,2828.24,38925.69
2018-01-04,3154.89,2676.68,3805.91,5164.98,325.29,4562.89,374.27,15323.86,1207.46,1451.23,2313.64,41433.72
2018-01-05,3301.99,3569.37,1291.63,4629.71,130.85,2817.51,991.16,13462.31,584.26,504.09,1578.9,33449.72
2018-01-06,1883.54,2711.05,2958,5240.69,82.42,5729.03,719.46,14004.53,588.74,566.96,2290.76,37285.81
2018-01-07,1606.76,2827.29,2485.42,5937.4,330.43,5788.84,757.56,11340.66,NA,432.36,1905.98,33412.7
2018-01-08,3424.07,3390.33,4805.3,7584.42,96.34,4128.33,2328.3,16181.03,471.57,NA,3420.94,47527.18
2018-01-09,3952.09,3942.49,2285.13,7030.67,443.94,2236.3,849.86,12396.7,610.16,NA,3856.15,38815.79
2018-01-10,4128.92,1687.7,1753.5,10886.48,181.21,5059.3,1160.79,13102.14,1086.8,1279.77,3907.02,44492.04
2018-01-11,3925.17,5366.65,3462.83,7946.49,179.31,3045.85,721.7,14476.28,2597.64,211.29,4645.61,47417.65
2018-01-12,2693.64,4734.94,1103.4,7443.78,318.27,5970,1145.45,8784.65,863.84,729.13,5212.31,39537.24
2018-01-13,3431.85,2380.49,2347.05,2493.88,120.28,3171.73,420.61,12608.08,654.93,39.44,4663.09,32904.28
2018-01-14,3271.18,5974.04,3304.19,2777.23,113.93,2048,842.27,11708.73,697.64,475.27,4322.43,36236.3
2018-01-15,4054.46,6602.49,3243.82,7564.41,145.31,4996.15,797.77,13418.91,546.05,47.4,3782.42,45476.09
2018-01-16,4791.22,4077.03,3858.92,10037.78,42.44,5351.04,2633.84,14128.68,2249.26,442.26,3667.67,53472.95
2018-01-17,5524.76,3387.22,3185.91,4935.48,140.89,3445.11,955.5,12750.33,661.98,911.8,4592.32,42261.59
2018-01-18,2759.14,3378.96,3780.12,5959.52,36.7,3882.9,449.83,8630.17,645.35,1899.67,3181.1,35203.33
2018-01-19,3223.12,4164.63,1859.45,5780.19,69.71,3898.9,774.07,8554.84,125.29,NA,3429.25,33096.66
2018-01-20,3148.12,3763.51,1241.61,5091.62,NA,4190.85,1472.03,5844.88,864.25,312.57,1471.56,28071.27
2018-01-21,2369.35,2858.41,857.01,2374.85,111.25,3645.27,1636.35,9342.42,267.67,232.67,2006.82,27248.91
2018-01-22,4282.82,6559.65,1934.63,8398.54,57.78,2699.9,2982.1,11715.1,1356.79,36.65,3540.96,45734.54
2018-01-23,6672.94,6209.73,3185.75,4568.59,417.78,4813.92,969.5,11836.17,1015.38,NA,2861.9,42812.32
2018-01-24,3794.19,7561.41,4645.93,4659.75,378.51,2766.42,2830.03,10785.63,33.85,33.6,3230.56,41009.03
2018-01-25,3138.94,2066.3,3595.59,6303.41,69.71,3888.52,2486.51,9390.95,984.2,235.84,3282.79,35796.3
2018-01-26,4217.39,2691.25,1848.19,4186.33,164.91,5060.9,3899.97,10028.37,1305.21,215.79,7573.27,41672.79
2018-01-27,4846.59,3258.84,1526.1,2813.61,151.03,1899.22,574.28,10441.32,535.48,NA,1914.1,28093.73
2018-01-28,2697.17,2361.33,1109.11,2246.79,63.6,2216.93,476.19,9049.18,3236.43,212.09,3069.2,27074.19
2018-01-29,4342.23,3268.16,2924.06,5199.74,121.03,3347.55,1233.54,11746.39,381.7,NA,5846.14,38719.75
2018-01-30,2900.51,4241.61,1385.21,6981.8,211.65,2069.52,922.32,14102.31,370.48,1884.88,4190.38,40126.32
2018-01-31,3150.35,6085.54,2335.17,6510.58,NA,3171.93,452.67,11547.38,635.04,439.72,3345.66,38269.29
2018-02-01,4826.19,6073.83,2287.28,5778.12,317.23,6258.96,1859.11,6190.75,1172.54,675.44,2395.78,37835.23
2018-02-02,5157.97,1682.44,392.21,6568.85,143.8,3868.99,1219.7,9257.38,1153,554.46,2203.56,32952.8
2018-02-03,2052.25,2685.98,3648.14,6512.32,30.29,2403.36,194.04,7810.08,99.87,NA,2180.73,28075.97
2018-02-04,4213.3,2107.19,1789.33,2796.08,127.45,3256.73,1171.86,8458.05,510.22,1319.34,3159.73,29549.69
2018-02-05,5177.42,2311.39,1128.38,5767.1,196.03,4027.59,2596.12,17775.63,1127.13,1084.63,3936.84,45650.57
2018-02-06,4473.3,7859.95,1445.13,6048.29,63.6,5750.1,1053.69,9417.39,201.5,468.68,4582.71,41975.87
2018-02-07,4417.7,1933.55,2696.75,6691.29,794.6,1883.77,637.68,10837.63,289.04,1766.39,3649.4,36358.29
2018-02-08,3333.52,3001.31,2422.7,8328.09,134.23,2380.96,1346.73,8050.39,624.96,366.41,3073.2,33941.12
2018-02-09,5207.02,3235.78,4754.49,5966.93,162.13,1997.69,1198.38,9080.8,255.83,590.14,2191.46,35127.72
2018-02-10,2009.15,3203.05,1398.15,3400.04,98.91,1469.22,1495.51,6444.89,639.29,NA,4386.14,25142.51
2018-02-11,2727.14,1042.84,2081.42,8687.73,127.14,974.31,937.81,5226.4,69.44,453.43,3340.24,25805.5
2018-02-12,3974.52,2281.95,1801.26,5431.28,70.63,921.13,1368.87,9208.52,52.01,259.45,2653.36,29016.08
2018-02-13,4523.42,855.83,2966.36,3464.28,63.6,1667.31,3221.11,8026.45,659.54,336.03,3209.37,29611.24
2018-02-14,8561.31,1842.05,3284.92,7393.37,320.61,4096.35,1630.16,11110.65,708.4,1791.47,4432.05,45500.03
2018-02-15,6300.25,2580.11,1789.6,4301.15,389.16,2687.89,1762.68,12296.19,794.36,417.65,3706.04,38244.77
2018-02-16,4264.8,1911.05,1123.41,6681.46,133.54,4560.91,1400.03,8693.29,258.62,1040.02,1930.92,32841.8
2018-02-17,1864.82,4241.32,2097.81,5770.28,376.43,3052.54,378.78,7607.19,1342.5,119.48,2747.25,29797.42
2018-02-18,3151.53,1903.32,1704.99,8392.45,208.16,1324.44,2414.56,6537.83,1154.93,65,1719.86,29205.11
2018-02-19,2291.76,2624.72,1900.49,8841.61,392.07,3989.42,146.46,9321.5,965.82,544,2793.65,34301.92
2018-02-20,4985.05,4168.02,5782.08,6223.42,43,4572.07,617.91,12352.67,495.06,163.49,3114.09,42843.02
2018-02-21,3998.55,5293.38,2678.12,7303.27,244.12,3401.02,280.7,10026.68,1732.73,253.52,2336.02,37996.59
2018-02-22,3692.72,3243.24,3417.9,11336.71,150.19,3421.59,582.16,8444.33,NA,761.45,3100.89,38651.65
2018-02-23,3695.48,3829.52,1413.84,5750.49,116.84,2873.3,1145.25,10458.66,1079.94,1073.59,2331.3,33906.81
2018-02-24,2385.02,4104.64,2063.45,6940.54,229.32,2783.51,1093.84,5721.37,740.59,277.32,2392.83,28774.81
2018-02-25,3582.29,2377.37,1800.4,8007.44,324.43,5263.32,1506.98,9142.95,449.12,491.63,1938.79,35975.84
2018-02-26,8411.23,5579.48,1423.76,8054.15,342.39,5503.9,1405.54,15317.67,472.41,240.69,4684.64,52054.92
2018-02-27,5764.33,3081.46,2752.7,9569.12,245.98,5218.55,1818.35,14357.12,684.74,1041.5,3630.34,48622.69
2018-02-28,7148.46,6060.63,2617.94,8787.65,430.05,4390.07,4350.12,11891.04,684.99,1630.69,6020.84,54185.48
2018-03-01,4628.19,4042.12,4122.19,7008.14,69.94,9414.57,728.47,12563.86,277.08,316.51,3049.99,46741.95
2018-03-02,5994.66,4711.74,2083.15,5616.01,608.36,3987.68,1277.38,9936.78,733.39,28.22,2651.71,38315.22
2018-03-03,5924.68,3084.3,2925.03,3872.08,103.47,3226.56,2381.36,7222.25,345.18,103.33,1777.81,31172.64
2018-03-04,4948.46,5804.62,1527.54,4814.88,36.17,3835.72,1661.61,8914.26,344.99,406.19,3722.53,36923.73
2018-03-05,3451.25,2872.22,2055.77,8979.03,NA,6600.85,1925.9,11160.56,739.12,1018.23,5898.94,45864.38
2018-03-06,7941.87,3599.44,2129.27,8537.84,258.02,6090.2,1880.38,10114.17,432.1,776.96,3170.07,46372.56
2018-03-07,4839.6,5402.9,1974.38,7005.02,367.48,5079.66,939.78,9973.49,305.39,397.87,4917.21,42266.22
2018-03-08,5098.12,2869.28,1894.46,3521.85,32.78,6714.78,1560.71,7993.08,506.4,237.09,4046.51,35109.31
2018-03-09,4428.73,6715.95,953.63,2739.61,128.51,4967.23,1985.26,6793.83,NA,153.96,4135.79,33573.59
2018-03-10,5629.69,4542.03,3124.74,2189.17,33.79,2288,1282.11,8427.42,545.59,NA,2374.91,30935.6
2018-03-11,4882.06,3243.85,1011.82,4138.13,234.38,3914.42,444.51,11967.42,2087.49,539.18,4745.21,37655.72
2018-03-12,5262.48,4199.29,1918.54,5230.85,114.78,2655.27,701.72,9252.77,1017.6,41.23,6028.32,37260.15
2018-03-13,4336.86,4459.41,1054.52,3907.12,702.28,4094.14,1494.65,15642.12,1059.96,391.15,3971.1,41429.29
2018-03-14,2697.44,2802.02,683.12,5920.95,163.26,2440.12,1425.32,7300.21,1047.15,281.64,2966.7,28169.38
2018-03-15,5217.2,6638.56,2896.73,9448,523.66,5285.74,301.1,14423.7,579.14,55.74,3340.09,49534.41
2018-03-16,5328.27,4274.18,1671.42,3692.5,277.09,5091.81,696.81,15756.28,1238.97,588.78,2926.26,41684.1
2018-03-17,1828.49,2934.45,1510.54,3728.3,69.77,2337.63,209.97,10385.67,821.48,36.22,2159.2,26594.55
2018-03-18,4098.31,5919.99,3182.45,3693.92,81.9,5546.81,1460.06,10946.44,246.41,239.22,1629.46,37044.97
2018-03-19,4193.86,4370.42,3975.29,12428.92,316.99,4085.9,1504.88,16789.03,2165.21,55.58,3431.67,53827.14
2018-03-20,5259.01,3216.32,2088.9,5158.45,339.76,5430.91,1664.59,12047.69,2937.39,1109.12,3368.24,44344.33
2018-03-21,3950.51,7473.93,2829.09,9194.11,NA,4074.97,2274.85,13090.39,815.48,256.1,3149.21,47530.04
2018-03-22,1961.06,3397.61,3696.34,6416.85,885.69,3340.5,556.88,12289.26,967.28,1626.43,2415.57,38391.06
2018-03-23,3418.01,3578.04,1451.09,5881.91,60,3315.38,1546.98,11493.62,1193.65,568.45,2029.25,34678.11
2018-03-24,1235.17,5949.45,2380.72,3412.48,43.6,2327.37,610.11,10807.26,NA,97.63,2438.16,29841.91
2018-03-25,1958.79,3719.16,2286.44,2472.05,63.06,1887.44,434.38,16502.84,719.15,327.68,3622.59,34487.4
2018-03-26,3205.76,3053.58,3678.55,6742.99,127.59,3184.18,1912.75,11857.47,967.11,1259.62,5589.83,43057.56
2018-03-27,3588.56,1936,3809.6,6864.6,288.84,6799.04,2501.62,11781.57,1378.06,NA,3990.04,43293.46
2018-03-28,2973.87,5347.14,1759.87,6254.22,250.15,2772.92,1200.12,7835.42,398.74,735.4,1825.46,32170.73
2018-03-29,1657.58,2770.19,1482.55,7057.28,124.09,6831.71,1375.42,8664.57,1302.12,823.73,1515.12,34260.38
2018-03-30,1459.68,2844.72,2028.75,1346.03,NA,4509.89,796.76,9750.16,925.87,274.76,2942.05,27227.83
2018-03-31,2035.73,3274.28,4419.95,3850.11,482.49,2747.58,541.63,10880.73,699.02,169.7,908.16,30209.94
2018-04-01,5708.45,5267.74,623.82,3795.42,97,2794.44,1062.24,12500.11,661.92,NA,2124.84,34873.2
2018-04-02,2026.85,4528.41,3676.95,6901.97,NA,9643.77,821.42,13529.6,1755.84,461.05,6089.05,50028.99
2018-04-03,3559.89,4614.85,1670.62,5890.82,226.55,4715.68,2422.71,13266.68,1463.23,522.03,4043.03,42846.88
2018-04-04,6040.62,4236.52,4615.5,7832.73,268.67,3380.97,807.23,15130.25,243.15,814.11,2586.34,46333.73
2018-04-05,6515.43,5012.36,3130.36,4468,NA,4560.6,826.99,12247.19,1171.12,831.89,4049.62,43085.84
2018-04-06,4871.41,1234.28,1860.78,8289.3,123.78,4623.91,341.44,8955.09,403.05,921.84,1224.64,33503.32
2018-04-07,2832.3,2287.58,4085.49,3495.09,35.77,931.53,546.47,11714.69,2051.92,132.57,1276.06,29481.13
2018-04-08,2961.99,2692.57,806.72,3634.44,102.86,3122.28,454.93,11111.79,2111.74,237.44,1691.35,29576.18
2018-04-09,5122.47,3259.37,2246.29,7739.52,1143.45,2660.93,789.37,24758.23,2540.38,399.99,4867.4,55960.27
2018-04-10,3273.98,3120.58,2535.51,3025.75,430.52,4385.94,871.68,9766.36,2951.34,288.96,1516.22,32579.81
2018-04-11,3934.72,4019.91,4113.45,4574.44,101.77,2890.59,1575.08,18201.96,3386.21,91.45,3155.15,46759.96
2018-04-12,4228.94,3420.04,1632.97,5240.57,150.71,5582.24,2058.36,12311.67,640.79,880.56,5262.08,42333.1
2018-04-13,4722.15,3622,2502.32,5077.68,492.97,3035.21,359.74,15031.97,911.63,187.11,1114.81,37565.95
2018-04-14,2028.91,4058.34,1600.43,1992.84,NA,3056.41,499.39,8740.01,1848.05,47.74,1800.49,25939.79
2018-04-15,5452.16,2625.03,2869.64,3171.36,372.58,6769.33,907.1,12348.39,30.13,388.65,2987.11,38452.69
2018-04-16,6671.95,3932.99,2443.46,7031.13,142.53,7222.74,754.47,17683.3,779.68,507.08,2652.87,49871.53
2018-04-17,2747.05,2553.23,5445.06,5221.45,586.96,3512.6,1623.09,20265.89,767.49,445.87,2666.35,45890.17
2018-04-18,3302,2787.41,2941.28,8700.36,69.77,6598.5,1636.77,14253.98,393.55,2121.86,2781.14,45991.73
2018-04-19,6289.85,4481.18,2141.53,6344.48,3613.6,5243.04,5802.79,13635.21,1365.81,247.48,3225.81,52390.78
2018-04-20,4399.65,6791,2642.28,2432.54,206.63,5539.3,994.14,9783.28,1449.59,15.77,1582.4,35836.58
2018-04-21,3137.59,2413.31,4182.3,1694.76,NA,3111.75,129.73,6440.04,488.47,621.27,994.49,23213.71
2018-04-22,3643.35,3450.15,2053.35,2904.1,65.87,4452.56,1018.51,13335.87,2958.78,64.22,902.69,35185.46
2018-04-23,6194.13,4602.49,5068.4,4534.11,160.41,6264.86,2714.7,12093.94,2738.55,280.14,2386.44,47078.39
2018-04-24,5721.45,8482.32,2334.31,5105.13,268.68,10027.96,1409.02,13772.05,921.03,625.5,4186.17,53105.59
2018-04-25,4920.39,5680.01,2823.09,5770.43,280.65,2509.93,2018.96,15219.03,4045.13,2088.34,3714.74,49512.06
2018-04-26,6227.37,7983.35,2466.64,2909.14,65.11,2955.12,850.91,11947.26,766.36,174.9,4052.42,40427.36
2018-04-27,4202.08,5261.07,2410.94,3000.99,362.52,4739.36,4676.92,17315.09,1679.48,1509.65,1579.91,47041.03
2018-04-28,1330.57,5688.44,2116.49,1742.74,130.1,2087.29,3700.21,8853.33,178.87,265.02,2139.47,28817.92
2018-04-29,2587.19,4828.28,1256.62,1374.46,114.09,3642.88,935.12,7507.45,695.71,484.02,2216.11,25825.56
2018-04-30,6044.4,4705.01,3915.41,4347.87,464.09,5897.31,2538.46,12324.81,533.3,742.54,2476.28,44057.7
2018-05-01,4747.92,5860.68,3155.4,2484.8,283.85,2157.21,1247.3,12682.56,1580.83,199.41,4718.42,39177.54
2018-05-02,8001.95,7774.2,4001.76,5145.72,203.9,3360.74,2929.44,11186.04,963.39,NA,1412.23,45164.23
2018-05-03,4941.43,12077.36,2714.76,5364.21,338.19,4567.9,2159.89,11410.51,4056.78,335.32,3839.49,52119.07
2018-05-04,6589.51,8837.5,3174.19,3786.81,162.85,2556.19,882.13,16370.11,997.17,122.65,3785.5,47264.61
2018-05-05,5665.08,4165.34,2572.76,2227.11,752.07,3598.49,388.78,12617.57,474.53,109.72,1913.96,34696.05
2018-05-06,2481.87,4833.48,1963.27,1915.68,304.11,3051.11,528.59,13748.95,1911.22,251.31,2229.82,33345.16
2018-05-07,8170.04,10506,5897.93,6014.64,512.63,6833.43,2426.01,17391.26,2134.6,418.46,2707.6,63012.6
2018-05-08,8774.6,8611.72,1725.32,4749.52,842.72,5741.96,4868.9,13584.82,1034.21,843.53,5697.73,57677.02
2018-05-09,6851.69,6610.35,2684.2,5753.81,103.34,6798.87,338.93,16615.34,737.66,813.52,3900.03,52356.07
2018-05-10,8331.72,8752.6,3699.97,9059.84,371.8,3891.87,3714.58,15513.28,2306.69,1799.76,2128.93,59701.61
2018-05-11,6875.57,3938.88,5535.45,7766.87,137.74,5032.04,1202.67,9239.45,1720.68,128.15,2322.84,44017.17
2018-05-12,2197.92,7152.44,5523.2,4122.74,40.84,3290.37,605.49,11227.95,2179.37,729,918.75,38460.28
2018-05-13,2506.18,6256.58,4149.93,2843.36,605.52,3662.2,1604.49,10918.62,1980.7,682.49,2942.91,38359.77
2018-05-14,4178.53,8978.11,5841.76,5787.09,511.19,4395.01,6023.77,18803.71,5041.01,264.62,4166.01,64537.85
2018-05-15,4777.42,4918.41,1702.98,5672.52,421.24,11266.87,1119.66,19517.59,867.8,604.25,3971.81,55916.22
2018-05-16,8420.22,6027.6,4345.55,6299.4,317.71,8214.78,2524.57,25630.33,2421.93,NA,3816.39,68018.48
2018-05-17,5850.71,2704.77,3979.99,2990.09,197.76,5103.25,1902.8,9313.27,141.32,995.56,2012.85,35514.6
2018-05-18,3565.12,4770.13,2846.49,5342.78,193.91,3121.96,1351.02,14179.5,1073.41,564.87,1879.59,38949.56
2018-05-19,3824.35,2711.31,881.79,3360.2,235.02,1946.22,1552.42,14087.18,274.48,220.16,733.4,29826.53
2018-05-20,3234.53,2050.11,1593.43,3814.68,NA,3201.9,951.74,8462.1,249.83,145.17,811.54,24709.35
2018-05-21,3113.4,3914.22,1325.58,5763.43,297.86,3960.03,307.69,9353.54,1446.73,NA,1945.31,31427.79
2018-05-22,4055.09,3219.84,1057.94,19658.73,194.32,5757.71,402.35,9883.65,289.85,125.67,1254.37,45966.25
2018-05-23,1579.4,642.99,3050.36,2277.06,161.97,3333.57,1188.53,7650.75,577.21,NA,1281.47,21948.12
2018-05-24,1888.63,1684.13,5666.56,294.32,104.04,3253.64,1889.86,5951.91,NA,125.67,1478.59,22337.35
2018-05-25,809.19,2009.88,2579.08,3679.16,378.38,3442.23,891.44,4689,101.51,117.94,342.83,19040.64
2018-05-26,3093.54,1509.42,2492.12,2794.72,NA,1389.62,357.68,6933.6,131.12,NA,480.75,19222.96
2018-05-27,663.95,2109.45,1583.51,1109.4,NA,1220.64,761.9,6803.85,162.62,84.76,765.23,15418.2
2018-05-28,3997.6,2529.71,2057.19,3841.07,NA,1812.69,364.04,17015.81,827.92,NA,1566.3,34136.78
2018-05-29,6627.85,3469.34,2438.63,3926.46,NA,4082.73,1666.56,6267.94,447.94,NA,2550.31,31477.76
2018-05-30,2624.3,1622.87,786.88,2236.37,77.68,2073.5,115.72,9573.52,731.69,716.61,1829.42,22388.56
2018-05-31,5718.55,13622.6,1088.01,713.01,NA,1674.98,1007.29,6745.53,319.86,380.3,1267.22,32537.35
2018-06-01,4199.24,3823.45,1928.26,3751.43,36.96,2445.64,464.65,15814.72,929.08,6485.68,1537.14,41416.25
2018-06-02,4053.9,5774.01,2053.8,488.6,NA,2764.94,196.81,11131.72,2312.81,121.39,1024.74,29922.72
2018-06-03,6045.57,3860.16,3542.16,2085.95,35.77,1962.57,605.67,12402.37,950.06,261.18,2542.9,34323.41
2018-06-04,6975.27,3112.42,1321.01,3883.43,449.16,3886.86,580.56,12316.51,1408.01,342.72,1037.99,35585.39
2018-06-05,5823.4,653.09,1519.6,6542.68,40.69,3914.08,1384.71,16991.79,146.38,906.67,1744.9,39745.98
2018-06-06,5139.22,4232.31,1995.32,3384.12,126.94,3150.81,1060.9,11786.15,287.15,264.22,1835.82,33977.17
2018-06-07,8656.6,4328.36,1949.67,8373.21,135.78,3168.8,1651.97,11546.77,1550.33,2143.28,1910.43,45415.2
2018-06-08,7429.5,5015.01,1694.71,3148.4,202.74,2018.82,707.9,10901.71,902.92,NA,591.08,32612.79
2018-06-09,4407.3,1811.47,2048.79,7399.14,247.18,1852.74,916.7,15539.23,2126.36,316.2,600.48,37566.32
2018-06-10,5388.31,4070.03,1331.48,1574.66,328.64,1238.38,281.93,15687.46,76.28,226.84,955.18,31224.41
2018-06-11,10954.27,6363.28,7710.25,8469.94,483.74,7286.21,892.34,15322.12,241.8,466.09,1795.95,60141.62
2018-06-12,5603.23,4556.12,2352.56,9874,392.29,4937.24,1538.27,14378.41,2486.28,499.96,1965.01,48583.37
2018-06-13,8894.25,6908.42,2169.23,3045.5,188.83,3986.52,1048.81,12127.96,868.24,147.59,3719.97,43370.16
2018-06-14,6741.16,4330.82,2950.56,2112.81,NA,3070.13,482.53,12304.94,465.66,380.36,2177.67,35064.36
2018-06-15,6352.3,1713.71,3168.35,1932.08,NA,3754.9,702.33,12244.71,1415.45,244.02,1183.05,32748.84
2018-06-16,3117.91,5990.49,1262.01,2382.85,65.92,2219.23,456.28,10935.98,949.17,NA,2405.56,29785.4
2018-06-17,2318.28,3683.3,3099.1,2072.77,298.28,1720.15,287,6884.19,442.28,NA,1368.98,22174.33
2018-06-18,8126.53,5974.71,2681.91,3061.42,69.2,3401.22,360.77,14159.86,331.01,140.62,2438.74,40745.99
2018-06-19,5253.79,4439.59,2411.31,5015.78,131.04,3686.67,936.91,15834.03,437.06,NA,2311,40910.03
2018-06-20,4540.39,3402.45,2106.81,6366.04,130.29,2525.95,1092.07,13293.68,589,51.07,1456.07,35553.82
2018-06-21,5065.91,4906.23,2592.68,5239.15,269.05,2637.47,215.12,10734.57,80.49,NA,2466.06,34206.73
2018-06-22,3341.63,2946.59,1036.84,8466.72,20.31,1708.7,514.71,7104.2,627.51,708.83,2397.13,29073.38
2018-06-23,4090.26,1767.31,1612,1614.52,54.44,2330.88,365.72,7939.66,1628.81,199.97,1206.64,22988.33
2018-06-24,4820.5,2549.65,2420.49,2056.45,295.54,1974.29,351.05,12745.47,1394.53,993.33,1565.92,31167.22
2018-06-25,3316.23,4413.5,5021.15,6286.59,35.84,3625.38,2524.78,10949.4,2684.09,469.79,3166.62,42493.37
2018-06-26,4361.13,4763.24,2988.06,4011.41,46.2,3955.46,2711.52,16011.83,331.21,905.77,2013.37,42119.58
2018-06-27,5409.32,2812.79,1593.36,2265.15,98.01,4455.47,2392.03,10471.08,1412.83,705.35,1486.38,33101.77
2018-06-28,7267.36,3737.01,2142.42,3645.45,NA,4737.22,258.16,14292.89,843.86,772.6,2958.86,40655.83
2018-06-29,2260.83,2564.85,2446.61,2447.29,168.83,4608.86,388.15,8539.12,275.7,NA,1796.43,25560.39
2018-06-30,1559.61,717.33,1084.49,2042.03,48.83,1521.92,1236.72,9595.42,51.44,338.88,1881.54,20078.21
2018-07-01,1058.87,6575.22,2333.55,3426.9,NA,2647.94,1180.8,8368.11,2181.99,NA,2188.1,29961.48
2018-07-02,3190.3,2959.56,1929.1,3292.28,194.87,3879.6,1096.75,7394.95,1775.24,2844.96,1442.36,30022.16
2018-07-03,5900.99,2121.54,1853.32,3592.99,153.47,4476.24,388.22,9044.58,1179.79,193.19,3860.04,32780.16
2018-07-04,7465.13,3598.42,1759.53,5517.42,236.5,2183.34,1380.35,16735.24,690.6,1759.69,2173.94,43872.34
2018-07-05,5149.56,3606.14,952.14,3496.32,220.03,2669.08,2406.14,15218.62,630.48,75.99,2358.13,36938.48
2018-07-06,3056,1540.29,2413.23,844.21,NA,2204.2,937.05,6068.7,NA,3406.47,2487.15,22957.3
2018-07-07,1827.54,936.02,669.47,777.8,NA,2020.61,220.59,4322.31,NA,NA,818.79,11593.13
2018-07-08,2931.81,2364.44,1896.4,1751.87,117.88,1642.73,1414.41,4153.13,93.54,NA,2398.16,18764.37
2018-07-09,3223.62,3011.01,1988.67,1641.56,35.84,1674.53,70.89,8571.63,NA,NA,2133.73,23323.2
2018-07-10,3419.68,3257.02,1231.73,2096.99,NA,1399.81,2571.86,5489.26,2842.3,122.65,766.91,23198.21
2018-07-11,1878.1,3522.63,1983.43,2459.85,35.84,1666.95,NA,8159.02,2501.22,258.06,466.64,22953.93
2018-07-12,1597.85,6459.82,1247.15,1481.06,70.43,2707.07,479.53,7698.27,226.98,99.65,853,22920.81
2018-07-13,8799.13,5255.41,231.91,3800.23,358.12,2733.56,594.72,10934.49,171.83,444.16,1884.82,35283.81
2018-07-14,3517.59,4173.67,2444.44,3229.04,237.29,1410.13,343.41,7239.64,744.86,144.88,2626.63,26111.58
2018-07-15,9129.53,3878.83,1305.36,10867.75,392.6,1277.13,270.86,5933.8,329.26,596.27,442.2,34702.84
2018-07-16,7737.06,5023.6,1994.58,3820.81,184.13,3825.67,779.92,10938.24,91.54,591.38,1418.98,36641.03
2018-07-17,6666.25,5287.28,4896.53,3310.58,186.19,1436.84,734.11,10440.46,368.59,90.84,1725.31,35322.15
2018-07-18,8287,4415.84,2813.79,4802.04,317.22,6359.16,2053.47,13990.29,554.01,2389.8,2572.71,48686.15
2018-07-19,5816.63,3626.81,1884.24,5324.29,614.2,6506.12,323.75,18236.03,428.75,1443.93,1903.24,46202.64
2018-07-20,4222.68,5419.52,3683.39,5430.9,543,6011.58,2851.47,7649.73,404.48,303.18,3116.38,39876.97
2018-07-21,4763.01,3497.49,2678.49,3760.82,188.61,3050.19,837.42,6382.83,44.58,NA,1927.07,27130.51
2018-07-22,1890.78,4848.42,1952.82,3201.54,292.99,1949.83,439.19,18299.02,818.64,316.17,2683.47,36824.53
2018-07-23,5958.24,3753.33,3185.15,4228.48,NA,6813.99,2906.01,18902.95,1114.63,137.03,4828.39,52282.66
2018-07-24,7090.4,3471.45,8053.44,2330.5,497.05,5118.52,1871.87,15116.46,1124.12,844.13,2537.3,48771.51
2018-07-25,6357.43,4249.98,3130.17,11054.68,285.78,4267.3,3146.06,15169.65,412.66,199.79,2515.76,51339.37
2018-07-26,6193.21,7406.11,2007.24,5614.76,347.42,3228.47,1226.63,11342.12,1179.8,414.1,2935.34,42029.35
2018-07-27,3716.79,2496.38,2381.26,6535.25,340.27,6437.51,141.79,11849.54,240.38,65.04,1820.07,36196.63
2018-07-28,5516.95,5154.56,1197.39,4270.05,111.7,2502.75,1409.75,9002.57,37.26,921.32,1314.67,31983.87
2018-07-29,3414.22,2810.67,2657.85,2142.86,493.23,4450.85,316.55,12689.2,298.71,1345.16,4816.05,35662.73
2018-07-30,6855.75,3246.7,2873.07,6248.85,469.84,2615.08,NA,20702.48,210.06,80.92,3042.84,46396.23
2018-07-31,5135.79,5647.93,2550.45,10044.27,634.84,6455.5,1427.84,17625.64,928.76,666.19,2262.12,54452.41
2018-08-01,7657.77,7361.05,2824.29,8170.92,184,5809.91,1797.68,13986.6,264.06,60.36,2972.36,51151.44
2018-08-02,8858.62,3714.45,2856.15,7790.63,134.55,6862.46,609.42,13151.92,888.76,1692.62,1856.13,48512.37
2018-08-03,9609.89,5944.8,2871.82,4406.09,274.62,5522.03,1222.85,14207.94,5916.82,NA,2885.55,52862.41
2018-08-04,5375.84,3696.56,1778.08,5195.13,418.25,2727.94,601.14,18931.04,636.34,1978.18,2129.76,43468.26
2018-08-05,7838.7,4492.82,4598.93,4590.72,1205.88,2582.46,624.18,16615.51,207.1,286.34,2177.67,45309.62
2018-08-06,10212.03,6990.35,8488.16,9071.8,1683.77,7031.52,4765.03,22317.95,1294.38,992.15,2354.1,76453.96
2018-08-07,10141.85,5418.22,3919.01,8929.08,528.67,3707.91,851.14,22332.62,1710.01,254.49,2467.02,60516.51
2018-08-08,5201.86,6223.51,3764.16,8109.14,407.36,4631.02,3941.93,18317.94,459.31,174.9,1327.22,52599.53
2018-08-09,8826.97,4692.68,2781.89,6027.07,512.96,4451.22,1841.23,15857.74,340.24,323.9,3694.39,49600.09
2018-08-10,4622.04,3596.7,3266.71,6230.13,405.57,3951.03,519.14,12964.83,778.68,662.79,3205.86,40439.54
2018-08-11,4943.75,4813.68,3034.09,4597.35,106.16,2520.33,831.25,9243.18,680.1,NA,1600.63,32451.44
2018-08-12,8371.01,3269.39,10354.01,4819.68,419.3,3007.53,1118.66,9929.75,495.48,305.96,1323.34,43548.04
2018-08-13,7425.29,5465.66,2470.86,3978.26,238.91,6781.74,646.48,18043.48,575.9,327.57,3110.6,49203.7
2018-08-14,5719.87,4861.28,3481.31,7245.14,686.11,6364.02,935.81,20733.71,1210.23,207.75,2470.86,53967.29
2018-08-15,6921.28,4737.51,4280.98,5807.8,818.33,4504.4,1024.67,15282.74,608.11,183.12,9688.83,53926.69
2018-08-16,7234.48,6266.6,2637.46,4604.81,481.74,3535.16,546.18,15480.27,437.04,386.3,3576.7,45334.02
2018-08-17,7252.52,2249.1,1939.84,4415.45,917.15,2265.07,3258.38,15455.88,181.33,115.51,1821.01,40403.2
2018-08-18,4814.61,3231.56,1478.64,3484.65,267.31,1950.38,959.2,9715.31,1139.4,42.17,1632.84,28974.29
2018-08-19,6887.1,936.79,3468.44,1875.75,554.66,3092.14,493.52,12435.18,317.71,58.55,1195.52,31464.86
2018-08-20,7345.66,2979.84,3126.47,4705.35,814.63,3777.45,778.34,14193.05,542.23,2067.21,1141.67,41903.48
2018-08-21,6917.82,2457.85,2023.13,5055.7,374.86,1820.65,417.32,9509.28,151.19,366.92,3436.63,32531.35
2018-08-22,4860.16,3236.48,2002.76,2610.75,317.3,932.11,536.76,9946.45,289.48,170.14,973.88,25896.65
2018-08-23,4661.01,1831.12,4606.13,1616.8,549.65,859.45,154.25,5467.34,291.54,NA,1436.65,21473.94
2018-08-24,1839.74,1970.78,1175.81,1042.88,667.11,1057.92,NA,4414.19,334.14,202.44,490.17,13195.18
2018-08-25,3152.57,431.2,2812.9,548.44,94.66,527.05,246.96,3984.03,NA,459.34,199.52,12456.67
2018-08-26,3646.93,369.68,803.95,1032.67,210.18,410.8,NA,2054.62,52.42,235.71,842.21,9726.75
2018-08-27,802.08,138.49,288.87,188.42,266.17,NA,180.99,2809.6,33.34,NA,1001.66,6292.59
2018-08-28,534.26,181.69,167.36,396.11,189.32,928.49,98.04,1583.57,22.29,NA,159.53,4260.66
2018-08-29,632.75,285.2,NA,93.75,119.42,510.96,NA,106.33,NA,NA,14.29,1762.7
